Truy vấn phổ biến nhất,Lượt nhấp,Lượt hiển thị,CTR,Vị trí
tương ớt,0,99,0%,7.18
tương ớt phở,0,38,0%,2.87
tương ớt phở hà nội,0,21,0%,5.19
tương ớt hà nội,0,16,0%,6.94
tương ớt cay,0,15,0%,6.93
ớt phở,0,7,0%,5.57
ớt bống,0,6,0%,9.5
tương ớt ăn phở,0,5,0%,5
tương ớt phở chinsu,0,5,0%,6.2
tương ớt phở vikay,0,4,0%,6.5
tương ớt phở bắc,0,4,0%,7.5
tuong nguyen,0,2,0%,1
tuong ot pho,0,2,0%,3
tương ớt.,0,2,0%,4.5
tương ớ,0,2,0%,6.5
ớt tương,0,2,0%,7
tương ot,0,2,0%,12
chinsu nước chấm,0,2,0%,13
ớt cay,0,2,0%,13
tuong ot,0,1,0%,1
tương cay,0,1,0%,5
tương ăn phở,0,1,0%,9